{"batch loss": 1.2799673080444336, "_timestamp": 1661206764.374656, "_runtime": 13.24330997467041, "_step": 759, "loss": 1.1037632193830278, "epoch": 39, "_wandb": {"runtime": 12}}