Method,raw_train_mean,raw_train_std,raw_test_mean,raw_test_std,preprocessed_train_mean,preprocessed_train_std,preprocessed_test_mean,preprocessed_test_std,features_train_mean,features_train_std,features_test_mean,features_test_std
AdaBoostClassifier(n_estimators=100),0.17690430192560994,0.0014707400953534722,0.17320310927255597,0.002351769604600539,0.14904089277736046,0.0007899485420541246,0.14435459718478585,0.0009552589324979192,0.1559748427672956,0.003557769968234201,0.07672955974842767,0.014560801135585185
