Method,raw_train_mean,raw_train_std,raw_test_mean,raw_test_std,preprocessed_train_mean,preprocessed_train_std,preprocessed_test_mean,preprocessed_test_std,features_train_mean,features_train_std,features_test_mean,features_test_std
AdaBoostClassifier(learning_rate=0.1),0.6691243489583334,0.002746361994465392,0.66630859375,0.0013810679320049757,0.6033810706389128,0.003681446823083253,0.5975291226501722,0.004898277377107694,0.8950548011820597,0.018029199281493456,0.5950550278908487,0.019867348092377994
