Method,raw_train_mean,raw_train_std,raw_test_mean,raw_test_std,preprocessed_train_mean,preprocessed_train_std,preprocessed_test_mean,preprocessed_test_std,features_train_mean,features_train_std,features_test_mean,features_test_std
AdaBoostClassifier(n_estimators=200),0.17989745441295188,0.0019051687144088316,0.17557130082496528,0.0027125354558058326,0.1532411294242411,0.0008898797990275109,0.1473986027032733,0.0012116286203108116,0.1509433962264151,0.022377920597053073,0.07169811320754717,0.02020424956504278
