mean_p2_imagined,std_p2_imagined,mean_p2_inner,std_p2_inner
9.375,5.762215285808055,6.875,6.5251915680690935
