mean_p3_imagined,std_p3_imagined,mean_p3_inner,std_p3_inner
6.25,3.952847075210474,5.625,7.629097259833564
