mean_p4_imagined,std_p4_imagined,mean_p4_inner,std_p4_inner
8.125,8.860904299223641,5.625,5.896238207535378
