{"batch loss": 2.2732503414154053, "_timestamp": 1661206742.2525096, "_runtime": 12.045530557632446, "_step": 739, "loss": 1.9625577198134527, "epoch": 19, "_wandb": {"runtime": 11}}