Method,raw_train_mean,raw_train_std,raw_test_mean,raw_test_std,preprocessed_train_mean,preprocessed_train_std,preprocessed_test_mean,preprocessed_test_std,features_train_mean,features_train_std,features_test_mean,features_test_std
"KNeighborsClassifier(n_jobs=-2, n_neighbors=89)",0.9612955729166667,0.000625728606339225,0.9579427083333333,0.00048719497223621204,0.7889142143029734,0.0029890223670103887,0.7799415918919625,0.0029557364065600517,0.5349380914974001,0.01777737514091466,0.4950248756218905,0.003517944185007709
