Method,raw_train_mean,raw_train_std,raw_test_mean,raw_test_std,preprocessed_train_mean,preprocessed_train_std,preprocessed_test_mean,preprocessed_test_std,features_train_mean,features_train_std,features_test_mean,features_test_std,mfcc_train_mean,mfcc_train_std,mfcc_test_mean,mfcc_test_std
"KNeighborsClassifier(n_jobs=-2, n_neighbors=89)",0.9612955729166668,0.0006257286063392,0.9579427083333332,0.0004871949722362,0.7889142143029734,0.0029890223670103,0.7799415918919625,0.00295573640656,0.5349380914974001,0.0177773751409146,0.4950248756218905,0.0035179441850077,0.5325627501589795,0.032835845611884844,0.5148499924619327,0.022071996362050587
