Method,raw_train_mean,raw_train_std,raw_test_mean,raw_test_std,preprocessed_train_mean,preprocessed_train_std,preprocessed_test_mean,preprocessed_test_std,features_train_mean,features_train_std,features_test_mean,features_test_std
"KNeighborsClassifier(n_jobs=-2, n_neighbors=89)",0.7694311468454665,0.001664515241252793,0.7535498087050421,0.0007202584751620112,0.35625911360523177,0.0003581211493959593,0.30908439259815695,0.0005945790274068842,0.10566037735849058,0.004075937546168465,0.05157232704402515,0.008894424920585505
