Method,raw_train_mean,raw_train_std,raw_test_mean,raw_test_std,preprocessed_train_mean,preprocessed_train_std,preprocessed_test_mean,preprocessed_test_std,features_train_mean,features_train_std,features_test_mean,features_test_std,mfcc_train_mean,mfcc_train_std,mfcc_test_mean,mfcc_test_std,linear_train_mean,linear_train_std,linear_test_mean,linear_test_std
LinearDiscriminantAnalysis(),0.6198486328125001,0.0016708924445575,0.6194986979166667,0.0017930259575417,0.5756989596879063,0.0026444041331787,0.5749024707412224,0.0068335469717977,0.92125,0.0115920231193696,0.575,0.0524404424085075,0.9800246885871394,0.0092978660063281,0.5403286597316449,0.0464795049897986,0.9949874686716792,0.007088789786331303,0.4695462083521786,0.08441497791172244
