Method,raw_train_mean,raw_train_std,raw_test_mean,raw_test_std,preprocessed_train_mean,preprocessed_train_std,preprocessed_test_mean,preprocessed_test_std,features_train_mean,features_train_std,features_test_mean,features_test_std
LinearDiscriminantAnalysis(),0.130604248046875,0.0007632509129878338,0.13026367187500001,0.00215589304747553,0.12481036369807949,0.0009731575462900062,0.12393031676101669,0.002283602051220334,0.539937106918239,0.006336302414971646,0.11823899371069183,0.019241583070161453
