Method,raw_imagined_train_mean,raw_imagined_train_std,raw_imagined_test_mean,raw_imagined_test_std,raw_inner_train_mean,raw_inner_train_std,raw_inner_test_mean,raw_inner_test_std
LinearDiscriminantAnalysis(),0.06893717447916667,0.0003958459149419066,0.06259765625000001,0.0011400783395898774,0.06846923828125,0.0007537450535718979,0.06121419270833334,0.0002476419930778463
