Method,raw_train_mean,raw_train_std,raw_test_mean,raw_test_std,preprocessed_train_mean,preprocessed_train_std,preprocessed_test_mean,preprocessed_test_std,features_train_mean,features_train_std,features_test_mean,features_test_std,mfcc_train_mean,mfcc_train_std,mfcc_test_mean,mfcc_test_std,linear_train_mean,linear_train_std,linear_test_mean,linear_test_std
"SVC(cache_size=2000, degree=2, kernel='poly')",0.6711751302083334,0.0016878498483962,0.6692708333333334,0.0051033112723922,0.6056241706657999,0.0011349563260572,0.603998821367418,0.0034619934534098,0.537537874537089,0.0141264612376081,0.4849238655208804,0.0381120683958467,0.5325627501589795,0.0180119029401563,0.4352480024121815,0.0355981983086715,0.5424381850147757,0.01775132229528295,0.46479722599125584,0.05139657451524811
