Method,raw_train_mean,raw_train_std,raw_test_mean,raw_test_std,preprocessed_train_mean,preprocessed_train_std,preprocessed_test_mean,preprocessed_test_std,features_train_mean,features_train_std,features_test_mean,features_test_std
"KNeighborsClassifier(n_jobs=-2, n_neighbors=25)",0.9918131510416668,0.0004756392967513446,0.99013671875,0.0011745845411893596,0.8695708891597738,0.0007947233576404419,0.8473992014769332,0.0006528244534945077,0.5576067033254779,0.030798314546725762,0.5104025327905926,0.05978965708918206
