Method,raw_train_mean,raw_train_std,raw_test_mean,raw_test_std,preprocessed_train_mean,preprocessed_train_std,preprocessed_test_mean,preprocessed_test_std,features_train_mean,features_train_std,features_test_mean,features_test_std
"KNeighborsClassifier(n_jobs=-2, n_neighbors=25)",0.8713085927530707,0.001227496025847286,0.8421386674090233,0.0006469912875473832,0.4846596850927194,0.0012190020491161919,0.37555172600022585,0.0017891344260001563,0.18050314465408804,0.007280400567792606,0.06163522012578617,0.03206930511693575
