{"batch loss": 1.3208414316177368, "_timestamp": 1661206807.9536533, "_runtime": 15.317930221557617, "_step": 1479, "loss": 1.4522728075583775, "epoch": 39, "_wandb": {"runtime": 14}}