Method,raw_train_mean,raw_train_std,raw_test_mean,raw_test_std,preprocessed_train_mean,preprocessed_train_std,preprocessed_test_mean,preprocessed_test_std,features_train_mean,features_train_std,features_test_mean,features_test_std,mfcc_train_mean,mfcc_train_std,mfcc_test_mean,mfcc_test_std
SVC(cache_size=2000),0.7646158854166667,0.0011785809827071,0.7638020833333333,0.0059280552394053,0.6975617685305592,0.0011515751140479,0.6942132639791938,0.0046505994128082,0.5699884038454345,0.021735643103869075,0.4096939544700739,0.0607662671818272,0.5199753114128605,0.01155684079308672,0.459897482285542,0.023331261867980676
