Method,raw_train_mean,raw_train_std,raw_test_mean,raw_test_std,preprocessed_train_mean,preprocessed_train_std,preprocessed_test_mean,preprocessed_test_std,features_train_mean,features_train_std,features_test_mean,features_test_std,mfcc_train_mean,mfcc_train_std,mfcc_test_mean,mfcc_test_std,linear_train_mean,linear_train_std,linear_test_mean,linear_test_std
SVC(cache_size=2000),0.7588216145833333,0.0043319350700987,0.7550455729166666,0.0044768287412343,0.6927990583859917,0.001488442003589,0.6874186932514922,0.0013865352773523,0.5325440466838739,0.0174917595091835,0.4600482436303332,0.0091474997251152,0.5124939213705907,0.0063752791559105,0.4749736167646616,0.0127449079088255,0.5399693263008267,0.015034057588766412,0.46487260666365143,0.01801613840200912
