Method,features_train_mean,features_train_std,features_test_mean,features_test_std,mfcc_train_mean,mfcc_train_std,mfcc_test_mean,mfcc_test_std
SVC(cache_size=2000),0.07987421383647798,0.0017788849841171004,0.042767295597484274,0.0017788849841171004,0.0729559748427673,0.0017788849841171004,0.042767295597484274,0.003557769968234201
