Method,features_imagined_train_mean,features_imagined_train_std,features_imagined_test_mean,features_imagined_test_std,features_inner_train_mean,features_inner_train_std,features_inner_test_mean,features_inner_test_std,mfcc_imagined_train_mean,mfcc_imagined_train_std,mfcc_imagined_test_mean,mfcc_imagined_test_std,mfcc_inner_train_mean,mfcc_inner_train_std,mfcc_inner_test_mean,mfcc_inner_test_std
SVC(cache_size=2000),0.0940436109087394,0.001309857913576945,0.04765090692833779,0.0058278641458577585,0.09341498148004064,0.00495844826026853,0.044508635052792046,0.008704554116252634,0.07053292921862513,0.0007687417216996374,0.04702198056346138,0.0015353349037882224,0.0742926224309598,0.0046364840080971555,0.047023160537879534,0.0015724920129577538
