Method,raw_train_mean,raw_train_std,raw_test_mean,raw_test_std,preprocessed_train_mean,preprocessed_train_std,preprocessed_test_mean,preprocessed_test_std,features_train_mean,features_train_std,features_test_mean,features_test_std
"KNeighborsClassifier(n_jobs=-2, n_neighbors=53)",0.9802571614583333,0.000587743166838124,0.9775716145833334,0.0014752954679198506,0.8242197568532275,0.002893779963519699,0.8083873266737726,0.004192328956631746,0.5325440466838739,0.038884241357678456,0.5000753806723955,0.01619123500175952
