mean_p1_imagined,std_p1_imagined,mean_p1_inner,std_p1_inner
6.25,4.419417382415922,5.625,3.0618621784789726
