mean_p2_imagined,std_p2_imagined,mean_p2_inner,std_p2_inner
5.625,3.6443449342783127,6.25,6.555055301063447
