Method,raw_train_mean,raw_train_std,raw_test_mean,raw_test_std,preprocessed_train_mean,preprocessed_train_std,preprocessed_test_mean,preprocessed_test_std,features_train_mean,features_train_std,features_test_mean,features_test_std,mfcc_train_mean,mfcc_train_std,mfcc_test_mean,mfcc_test_std,linear_train_mean,linear_train_std,linear_test_mean,linear_test_std
"KNeighborsClassifier(n_jobs=-2, n_neighbors=131)",0.7262915062394836,0.0011665322363427,0.7117675802331916,0.002073794193828,0.3248788534900505,0.0007424186028663,0.2881445804427555,0.0012834299437167,0.0930817610062893,0.0169694812116126,0.0641509433962264,0.0111091331651922,0.1062893081761006,0.0116649289251518,0.0553459119496855,0.0128277220467743,0.10251572327044027,0.005410267463548821,0.054088050314465404,0.021641069854195286
