Method,raw_train_mean,raw_train_std,raw_test_mean,raw_test_std,preprocessed_train_mean,preprocessed_train_std,preprocessed_test_mean,preprocessed_test_std,features_train_mean,features_train_std,features_test_mean,features_test_std
"KNeighborsClassifier(n_jobs=-2, n_neighbors=131)",0.7262915062394836,0.0011665322363427193,0.7117675802331916,0.002073794193828013,0.3248788534900505,0.0007424186028663383,0.28814458044275554,0.0012834299437167345,0.09308176100628933,0.01696948121161263,0.06415094339622641,0.011109133165192256
