Method,raw_train_mean,raw_train_std,raw_test_mean,raw_test_std,preprocessed_train_mean,preprocessed_train_std,preprocessed_test_mean,preprocessed_test_std,features_train_mean,features_train_std,features_test_mean,features_test_std
GaussianNB(),0.50009765625,0.001307818181369771,0.50029296875,0.004604020106311748,0.5371423927178153,0.0010612455183030551,0.5371261378413523,0.0042320156973032624,0.5262500000000001,0.02543373743671975,0.5,0.09354143466934854
