Method,raw_train_mean,raw_train_std,raw_test_mean,raw_test_std,preprocessed_train_mean,preprocessed_train_std,preprocessed_test_mean,preprocessed_test_std,features_train_mean,features_train_std,features_test_mean,features_test_std
AdaBoostClassifier(),0.7516601562500002,0.0014374610785038813,0.7406575520833334,0.002745204250300494,0.6564531619939619,0.0011820514350282052,0.6393043306852718,0.004150798721608944,1.0,0.0,0.5302276496306347,0.04037984383855603
