Method,raw_train_mean,raw_train_std,raw_test_mean,raw_test_std,preprocessed_train_mean,preprocessed_train_std,preprocessed_test_mean,preprocessed_test_std,features_train_mean,features_train_std,features_test_mean,features_test_std
AdaBoostClassifier(),0.16434326907590432,0.004229849498474113,0.16207519636927525,0.0043084414943451365,0.13856362217017956,0.0007717192953103367,0.13637144722823658,0.0008111538814728455,0.15723270440251572,0.02634011520927287,0.0779874213836478,0.018572104478281008
