{"batch loss": 2.880336284637451, "_timestamp": 1661206776.8124914, "_runtime": 4.49945330619812, "_step": 39, "loss": 2.871513843536377, "epoch": 9, "_wandb": {"runtime": 3}}