Method,raw_train_mean,raw_train_std,raw_test_mean,raw_test_std,preprocessed_train_mean,preprocessed_train_std,preprocessed_test_mean,preprocessed_test_std,features_train_mean,features_train_std,features_test_mean,features_test_std
"SVC(cache_size=2000, kernel='sigmoid')",0.501025390625,0.000705430759530259,0.4958984375,0.0028217230381210037,0.5056810793237971,0.016576057219861225,0.5044538361508453,0.0144500640593182,0.5075000000000001,0.018285923547909727,0.41500000000000004,0.037416573867739424
