Method,features_train_mean,features_train_std,features_test_mean,features_test_std,mfcc_train_mean,mfcc_train_std,mfcc_test_mean,mfcc_test_std
"SVC(cache_size=2000, kernel='sigmoid')",0.0720125786163522,0.0053919585532963,0.040251572327044,0.0123244766932486,0.07358490566037736,0.004075937546168465,0.03522012578616352,0.007115539936468402
