Method,raw_train_mean,raw_train_std,raw_test_mean,raw_test_std,preprocessed_train_mean,preprocessed_train_std,preprocessed_test_mean,preprocessed_test_std,features_train_mean,features_train_std,features_test_mean,features_test_std
AdaBoostClassifier(n_estimators=400),0.16684813980064175,0.0014118964073758348,0.16438965550256315,0.0012361291361374113,0.14945821611457244,0.0005610699649635352,0.1438538091801315,0.0012495899207958067,0.16352201257861634,0.023882814523330215,0.07169811320754717,0.010673309904702602
