{"batch loss": 0.7784718871116638, "_timestamp": 1661206828.8439689, "_runtime": 13.95549988746643, "_step": 499, "loss": 0.95549343029658, "epoch": 49, "_wandb": {"runtime": 13}}