Method,raw_train_mean,raw_train_std,raw_test_mean,raw_test_std,preprocessed_train_mean,preprocessed_train_std,preprocessed_test_mean,preprocessed_test_std,features_train_mean,features_train_std,features_test_mean,features_test_std,mfcc_train_mean,mfcc_train_std,mfcc_test_mean,mfcc_test_std
"SVC(cache_size=2000, kernel='poly')",0.7145670572916666,0.0030201159096678,0.7138020833333334,0.0046841079306651,0.5620204811443432,0.0013886745597555,0.5597854356306893,0.0040440355540298,0.5325,0.0072886898685566,0.445,0.0291547594742264,0.5249691392660757,0.015064647814416765,0.4498718528569275,0.03037233128057136
