Method,raw_train_mean,raw_train_std,raw_test_mean,raw_test_std,preprocessed_train_mean,preprocessed_train_std,preprocessed_test_mean,preprocessed_test_std,features_train_mean,features_train_std,features_test_mean,features_test_std
"SVC(cache_size=2000, kernel='poly')",0.7145670572916666,0.003020115909667823,0.7138020833333334,0.004684107930665104,0.5620204811443432,0.001388674559755543,0.5597854356306893,0.004044035554029827,0.5325,0.0072886898685566,0.445,0.029154759474226483
